City_ID,City,Lat,Lng,Max Temp,Humidity,Cloudiness,Wind Speed,Country,Date
0,Hermanus,-34.42,19.23,50.0,96,79,5.14,ZA,2020-09-06 00:11:44
1,Atherton,53.52,-2.49,55.0,93,60,1.99,GB,2020-09-06 00:11:44
2,Rikitea,-23.12,-134.97,72.28,80,21,12.08,PF,2020-09-06 00:11:45
3,Avarua,-21.21,-159.78,75.2,69,100,11.41,CK,2020-09-06 00:11:45
4,Korla,41.76,86.15,69.01,53,0,1.99,CN,2020-09-06 00:11:45
5,Mar Del Plata,-38.0,-57.56,46.0,75,20,8.05,AR,2020-09-06 00:09:20
6,Barrow,71.29,-156.79,41.0,80,90,6.93,US,2020-09-06 00:09:08
7,Padang,-0.95,100.35,77.18,71,96,4.16,ID,2020-09-06 00:11:45
8,Albany,42.6,-73.97,66.99,59,46,3.56,US,2020-09-06 00:11:46
9,Mahebourg,-20.41,57.7,68.0,88,40,2.24,MU,2020-09-06 00:11:46
10,Segezha,63.74,34.32,55.56,87,96,11.52,RU,2020-09-06 00:11:46
11,Klaksvik,62.23,-6.59,44.6,87,92,21.92,FO,2020-09-06 00:06:06
12,Kodiak,57.79,-152.41,53.6,76,75,14.99,US,2020-09-06 00:09:08
13,Sao Filipe,14.9,-24.5,79.65,84,78,8.25,CV,2020-09-06 00:07:39
14,Fernandina Beach,30.67,-81.46,87.01,74,1,5.82,US,2020-09-06 00:07:34
15,Chuy,-33.7,-53.46,49.95,81,94,9.57,UY,2020-09-06 00:09:38
16,Georgetown,5.41,100.34,78.8,88,40,4.7,MY,2020-09-06 00:09:43
17,Baruun-Urt,46.68,113.28,57.58,71,70,14.52,MN,2020-09-06 00:09:04
18,Qaanaaq,77.48,-69.36,24.31,80,0,6.15,GL,2020-09-06 00:09:00
19,Arraial Do Cabo,-22.97,-42.03,70.65,89,3,12.1,BR,2020-09-06 00:09:06
20,Praia,14.92,-23.51,77.0,88,75,6.93,CV,2020-09-06 00:11:49
21,Goderich,43.75,-81.72,64.99,82,68,9.8,CA,2020-09-06 00:09:57
22,Castro,-24.79,-50.01,64.2,68,21,3.62,BR,2020-09-06 00:11:49
23,Egvekinot,66.32,-179.17,42.15,72,90,8.23,RU,2020-09-06 00:11:49
24,Karpathos,35.51,27.21,77.0,65,0,32.21,GR,2020-09-06 00:11:50
25,Hilo,19.73,-155.09,84.2,51,40,8.05,US,2020-09-06 00:04:35
26,Rudnogorsk,57.26,103.75,46.81,87,100,7.02,RU,2020-09-06 00:11:50
27,Mataura,-46.19,168.86,45.0,72,99,11.01,NZ,2020-09-06 00:09:10
28,Mapastepec,15.43,-92.9,80.8,80,100,1.12,MX,2020-09-06 00:11:50
29,Bredasdorp,-34.53,20.04,51.8,93,87,2.24,ZA,2020-09-06 00:11:50
30,Port-Cartier,50.03,-66.87,57.0,66,20,10.29,CA,2020-09-06 00:11:51
31,Dikson,73.51,80.55,41.34,90,93,17.56,RU,2020-09-06 00:09:13
32,Angoche,-16.23,39.91,68.97,79,6,8.84,MZ,2020-09-06 00:10:29
33,Guerrero Negro,27.98,-114.06,87.85,44,0,13.24,MX,2020-09-06 00:10:21
34,Bethel,41.37,-73.41,70.0,56,1,3.36,US,2020-09-06 00:09:09
35,Ingham,42.6,-84.38,66.99,72,90,4.7,US,2020-09-06 00:11:51
36,Esso,55.93,158.7,48.74,56,100,4.88,RU,2020-09-06 00:11:51
37,Saint-Pierre,-21.34,55.48,64.4,88,75,5.82,RE,2020-09-06 00:11:52
38,Huambo,-12.78,15.74,57.47,37,10,2.04,AO,2020-09-06 00:11:52
39,Biswan,27.5,81.0,82.58,73,25,1.99,IN,2020-09-06 00:11:52
40,Busselton,-33.65,115.33,63.0,85,100,26.15,AU,2020-09-06 00:08:56
41,Shelburne,44.08,-80.2,66.2,52,40,5.82,CA,2020-09-06 00:11:52
42,Punta Arenas,-53.15,-70.92,41.0,75,20,10.29,CL,2020-09-06 00:11:53
43,Vila,42.03,-8.16,68.0,77,2,8.05,PT,2020-09-06 00:11:53
44,Atuona,-9.8,-139.03,78.91,72,37,23.15,PF,2020-09-06 00:08:56
45,Tiznit,29.58,-9.5,79.59,50,0,1.12,MA,2020-09-06 00:09:46
46,Bambanglipuro,-7.95,110.28,77.23,78,64,5.53,ID,2020-09-06 00:11:53
47,Cape Town,-33.93,18.42,55.99,76,66,16.11,ZA,2020-09-06 00:09:09
48,Hithadhoo,-0.6,73.08,80.01,74,100,28.19,MV,2020-09-06 00:09:58
49,Nerja,36.76,-3.89,71.01,79,14,1.99,ES,2020-09-06 00:11:54
50,Henties Bay,-22.12,14.28,54.0,87,0,1.01,NA,2020-09-06 00:11:54
51,Palmer,42.16,-72.33,73.4,38,20,4.7,US,2020-09-06 00:11:54
52,Balad,34.02,44.15,86.47,13,0,5.64,IQ,2020-09-06 00:11:54
53,Nemuro,43.32,145.57,71.6,88,75,9.17,JP,2020-09-06 00:11:55
54,Niquelandia,-14.47,-48.46,75.06,28,52,3.42,BR,2020-09-06 00:11:55
55,Gobabis,-22.45,18.97,55.96,38,34,4.83,NA,2020-09-06 00:11:55
56,Jalu,29.03,21.55,76.23,52,0,11.74,LY,2020-09-06 00:11:55
57,Surt,31.21,16.59,76.84,83,0,11.27,LY,2020-09-06 00:11:56
58,Emerald,-23.53,148.17,75.0,64,28,8.05,AU,2020-09-06 00:11:56
59,Shingu,33.73,135.98,80.6,78,75,5.82,JP,2020-09-06 00:11:56
60,San Patricio,19.22,-104.7,84.2,74,75,9.17,MX,2020-09-06 00:11:56
61,Talcahuano,-36.72,-73.12,53.6,76,75,5.82,CL,2020-09-06 00:11:56
62,Hay River,60.82,-115.8,48.2,87,75,9.17,CA,2020-09-06 00:11:57
63,Cap Malheureux,-19.98,57.61,66.0,82,1,1.99,MU,2020-09-06 00:11:57
64,Husavik,66.04,-17.34,37.4,86,39,6.93,IS,2020-09-06 00:10:06
65,Fare,-16.7,-151.02,78.91,75,22,10.09,PF,2020-09-06 00:11:57
66,Seoul,37.57,126.98,71.6,78,75,4.21,KR,2020-09-06 00:09:27
67,Belyy Yar,53.6,91.39,41.0,93,71,1.23,RU,2020-09-06 00:11:57
68,Yumen,40.28,97.2,61.72,34,0,9.06,CN,2020-09-06 00:09:01
69,New Norfolk,-42.78,147.06,57.2,50,75,11.41,AU,2020-09-06 00:09:11
70,Butaritari,3.07,172.79,83.7,74,14,12.17,KI,2020-09-06 00:09:10
71,Yarada,17.65,83.27,80.6,94,40,2.24,IN,2020-09-06 00:11:58
72,Mociu,46.8,24.03,59.0,87,0,3.36,RO,2020-09-06 00:11:58
73,Mirabad,30.44,61.84,72.07,22,0,12.91,AF,2020-09-06 00:11:59
74,Labuhan,-6.88,112.21,78.1,75,60,10.51,ID,2020-09-06 00:09:17
75,Port Elizabeth,-33.92,25.57,57.2,93,100,8.05,ZA,2020-09-06 00:09:11
76,Kapaa,22.08,-159.32,84.2,66,20,14.99,US,2020-09-06 00:09:11
77,Arkhipo-Osipovka,44.37,38.52,70.14,84,91,4.12,RU,2020-09-06 00:11:59
78,Tuatapere,-46.13,167.68,45.0,72,85,11.01,NZ,2020-09-06 00:09:33
79,Torbay,47.67,-52.73,66.99,93,90,17.22,CA,2020-09-06 00:09:11
80,Ushuaia,-54.8,-68.3,41.0,84,20,13.87,AR,2020-09-06 00:07:39
81,Polonnaruwa,7.93,81.0,78.31,73,100,3.62,LK,2020-09-06 00:12:00
82,Eureka,40.8,-124.16,75.0,60,1,16.11,US,2020-09-06 00:10:32
83,Ubinskoye,55.31,79.68,42.49,97,99,9.15,RU,2020-09-06 00:12:00
84,Valleyview,55.07,-117.29,59.99,64,77,7.81,CA,2020-09-06 00:12:00
85,Tura,25.52,90.22,75.22,91,94,5.82,IN,2020-09-06 00:10:09
86,Mudkhed,19.17,77.52,77.27,86,100,2.89,IN,2020-09-06 00:12:01
87,Leh,34.17,77.58,53.91,49,19,5.19,IN,2020-09-06 00:09:15
88,Mandiana,10.63,-8.68,71.65,93,96,8.34,GN,2020-09-06 00:12:01
89,Kashirskoye,51.42,39.61,60.8,38,98,2.24,RU,2020-09-06 00:12:01
90,Avera,33.19,-82.53,82.4,61,1,5.82,US,2020-09-06 00:12:01
91,Hlukhiv,51.68,33.92,61.45,50,84,6.06,UA,2020-09-06 00:12:01
92,Parati,-23.22,-44.71,70.66,79,48,2.59,BR,2020-09-06 00:09:47
93,Lebu,-37.62,-73.65,48.11,87,22,2.66,CL,2020-09-06 00:09:12
94,Waipawa,-41.41,175.52,59.0,82,100,24.16,NZ,2020-09-06 00:08:58
95,Hami,42.8,93.45,70.23,29,0,12.41,CN,2020-09-06 00:09:21
96,Vaini,-21.2,-175.2,73.4,69,75,11.41,TO,2020-09-06 00:08:59
97,Chokurdakh,70.63,147.92,47.53,53,100,10.51,RU,2020-09-06 00:09:33
98,Vila Velha,-20.33,-40.29,73.4,83,0,5.82,BR,2020-09-06 00:10:09
99,Phibun Mangsahan,15.24,105.23,78.8,94,20,3.36,TH,2020-09-06 00:12:03
100,Hobart,-42.88,147.33,57.2,50,75,11.41,AU,2020-09-06 00:07:22
101,Flin Flon,54.77,-101.86,62.6,63,90,4.7,CA,2020-09-06 00:09:17
102,Olafsvik,64.89,-23.71,48.69,78,92,20.47,IS,2020-09-06 00:09:15
103,Kodinsk,58.69,99.18,44.67,89,65,3.27,RU,2020-09-06 00:09:52
104,Caravelas,-17.71,-39.25,72.37,85,0,6.98,BR,2020-09-06 00:09:14
105,Saskylakh,71.92,114.08,41.59,85,75,10.76,RU,2020-09-06 00:09:23
106,Fairbanks,64.84,-147.72,50.0,81,90,0.43,US,2020-09-06 00:09:30
107,Kaitangata,-46.28,169.85,53.01,64,98,15.01,NZ,2020-09-06 00:09:45
108,Fortuna,40.6,-124.16,72.0,56,1,11.41,US,2020-09-06 00:10:05
109,Salamanca,40.83,-6.0,69.01,72,0,8.05,ES,2020-09-06 00:12:05
110,Samarai,-10.62,150.67,79.56,85,71,13.8,PG,2020-09-06 00:09:06
111,Daru,-9.08,143.21,78.51,86,98,18.25,PG,2020-09-06 00:09:46
112,Jesup,31.61,-81.89,89.6,52,1,3.31,US,2020-09-06 00:12:05
113,Tasiilaq,65.61,-37.64,39.2,93,100,0.2,GL,2020-09-06 00:08:56
114,Havre-Saint-Pierre,50.23,-63.6,50.0,87,1,11.41,CA,2020-09-06 00:12:06
115,Lasa,46.62,10.7,59.0,87,75,4.7,IT,2020-09-06 00:10:17
116,Codrington,-38.27,141.97,54.25,74,26,11.36,AU,2020-09-06 00:09:25
117,Victoria,22.29,114.16,82.0,78,17,5.77,HK,2020-09-06 00:06:34
118,Ponta Do Sol,32.67,-17.1,73.4,78,40,16.11,PT,2020-09-06 00:09:16
119,Pangnirtung,66.15,-65.71,44.56,58,0,3.31,CA,2020-09-06 00:12:07
120,Kabare,-2.47,28.82,66.97,62,75,2.13,CD,2020-09-06 00:12:07
121,Rundu,-17.93,19.77,59.11,33,0,5.39,NA,2020-09-06 00:12:07
122,Bouna,9.27,-3.0,72.63,90,100,8.01,CI,2020-09-06 00:12:07
123,Richards Bay,-28.78,32.04,63.07,85,9,3.69,ZA,2020-09-06 00:10:02
124,Talnakh,69.49,88.4,35.6,66,0,11.18,RU,2020-09-06 00:09:57
125,Raudeberg,61.99,5.14,48.99,95,100,15.39,NO,2020-09-06 00:09:29
126,Carnarvon,-24.87,113.63,64.4,93,90,5.82,AU,2020-09-06 00:05:27
127,Sioux Lookout,50.1,-91.92,62.6,51,75,8.05,CA,2020-09-06 00:12:08
128,Clyde River,70.47,-68.59,35.6,80,20,13.87,CA,2020-09-06 00:12:08
129,Pucallpa,-8.38,-74.55,87.8,62,20,2.24,PE,2020-09-06 00:12:08
130,Kavieng,-2.57,150.8,84.4,76,38,12.84,PG,2020-09-06 00:09:16
131,Flinders,-34.58,150.86,64.0,76,64,5.99,AU,2020-09-06 00:10:58
132,Comodoro Rivadavia,-45.87,-67.5,51.8,53,52,6.93,AR,2020-09-06 00:07:22
133,Valga,57.78,26.05,55.4,93,86,9.17,EE,2020-09-06 00:12:09
134,Bluff,-46.6,168.33,45.0,72,89,11.01,NZ,2020-09-06 00:09:17
135,Araouane,18.9,-3.53,97.59,29,63,6.06,ML,2020-09-06 00:12:09
136,Polczyn-Zdroj,53.76,16.1,52.0,10,65,8.84,PL,2020-09-06 00:12:09
137,Khatanga,71.97,102.5,37.72,78,1,6.64,RU,2020-09-06 00:09:42
138,Roblin,51.23,-101.36,66.92,57,100,5.35,CA,2020-09-06 00:12:10
139,Cayenne,4.93,-52.33,77.0,100,34,3.36,GF,2020-09-06 00:09:30
140,Shahrud,36.42,54.98,60.48,54,7,3.04,IR,2020-09-06 00:12:10
141,Mount Gambier,-37.83,140.77,50.0,81,47,10.29,AU,2020-09-06 00:10:33
142,Provideniya,64.38,-173.3,45.28,65,98,5.06,RU,2020-09-06 00:09:09
143,Constitucion,-35.33,-72.42,50.49,83,9,4.07,CL,2020-09-06 00:12:10
144,Luderitz,-26.65,15.16,58.1,70,0,25.55,NA,2020-09-06 00:09:56
145,Saint-Joseph,-21.37,55.62,64.4,88,90,3.36,RE,2020-09-06 00:09:31
146,Jamestown,42.1,-79.24,61.0,82,75,9.17,US,2020-09-06 00:06:45
147,Hasaki,35.73,140.83,80.6,88,75,11.41,JP,2020-09-06 00:08:56
148,Rocha,-34.48,-54.33,43.47,84,1,5.66,UY,2020-09-06 00:10:03
149,Saint Anthony,45.02,-93.22,77.0,38,1,5.82,US,2020-09-06 00:09:36
150,Itarema,-2.92,-39.92,78.37,74,27,18.66,BR,2020-09-06 00:09:15
151,Lompoc,34.64,-120.46,87.8,47,1,11.41,US,2020-09-06 00:10:20
152,Naze,28.37,129.48,80.6,94,75,49.44,JP,2020-09-06 00:12:12
153,Norman Wells,65.28,-126.83,57.2,44,40,4.7,CA,2020-09-06 00:12:12
154,Mersing,2.43,103.84,73.4,100,92,2.24,MY,2020-09-06 00:12:12
155,Takaka,-40.85,172.8,57.0,92,96,18.01,NZ,2020-09-06 00:12:12
156,Karatuzskoye,53.61,92.87,42.06,84,38,2.21,RU,2020-09-06 00:12:12
157,Mount Isa,-20.73,139.5,80.6,26,0,11.41,AU,2020-09-06 00:09:23
158,Saint-Philippe,-21.36,55.77,64.4,88,90,3.36,RE,2020-09-06 00:09:03
159,Faanui,-16.48,-151.75,78.33,77,19,10.22,PF,2020-09-06 00:09:05
160,Santa Cruz De La Palma,28.68,-17.76,71.6,68,0,4.7,ES,2020-09-06 00:12:13
161,Thompson,55.74,-97.86,60.8,48,75,3.36,CA,2020-09-06 00:09:19
162,Viedma,-40.81,-63.0,45.0,80,27,3.0,AR,2020-09-06 00:12:13
163,Tuktoyaktuk,69.45,-133.04,37.4,71,90,8.05,CA,2020-09-06 00:08:57
164,Vitim,59.45,112.56,59.7,76,23,3.8,RU,2020-09-06 00:12:14
165,Nikolskoye,59.7,30.79,59.0,82,20,4.47,RU,2020-09-06 00:09:10
166,Myitkyina,25.38,97.4,74.21,96,97,1.77,MM,2020-09-06 00:12:14
167,Puerto Barrios,15.72,-88.6,84.2,74,40,6.93,GT,2020-09-06 00:12:14
168,Isangel,-19.55,169.27,74.35,70,19,19.22,VU,2020-09-06 00:10:24
169,Nehe,48.48,124.83,60.55,85,61,7.99,CN,2020-09-06 00:12:15
170,Tocopilla,-22.09,-70.2,61.74,62,21,11.86,CL,2020-09-06 00:12:15
171,Cabo San Lucas,22.89,-109.91,91.4,62,20,4.7,MX,2020-09-06 00:09:00
172,Dunedin,-45.87,170.5,57.99,52,100,8.99,NZ,2020-09-06 00:12:15
173,Port Alfred,-33.59,26.89,61.09,88,100,8.39,ZA,2020-09-06 00:09:06
174,Labrea,-7.26,-64.8,82.76,57,43,1.54,BR,2020-09-06 00:12:16
175,Alofi,-19.06,-169.92,77.0,50,19,18.34,NU,2020-09-06 00:09:22
176,Shibukawa,36.48,139.0,77.0,85,96,3.0,JP,2020-09-06 00:12:16
177,Narsaq,60.92,-46.05,44.6,93,100,4.7,GL,2020-09-06 00:09:17
178,Kiruna,67.86,20.23,48.2,93,100,1.95,SE,2020-09-06 00:12:17
179,Camacha,33.08,-16.33,71.6,78,40,13.87,PT,2020-09-06 00:09:39
180,Grindavik,63.84,-22.43,48.2,93,90,18.34,IS,2020-09-06 00:09:19
181,Cockburn Town,21.46,-71.14,82.4,78,40,11.41,TC,2020-09-06 00:05:01
182,Pindushi,62.92,34.58,54.23,94,91,6.35,RU,2020-09-06 00:10:16
183,Inhambane,-23.86,35.38,68.18,67,86,10.18,MZ,2020-09-06 00:12:17
184,Tiksi,71.69,128.87,42.73,89,100,11.86,RU,2020-09-06 00:10:00
185,Karaman,37.08,33.25,54.61,79,0,6.44,TR,2020-09-06 00:12:19
186,Bandarbeyla,9.49,50.81,75.88,78,87,24.0,SO,2020-09-06 00:12:19
187,Nishihara,26.18,127.76,78.8,100,90,28.86,JP,2020-09-06 00:10:10
188,Crib Point,-38.35,145.2,60.01,72,0,10.63,AU,2020-09-06 00:12:19
189,Tsuyama,35.05,134.0,84.99,83,40,10.29,JP,2020-09-06 00:12:20
190,Westport,41.14,-73.36,77.0,41,1,8.05,US,2020-09-06 00:12:20
191,Alice Springs,-23.7,133.88,75.0,14,0,12.75,AU,2020-09-06 00:08:18
192,Zemio,5.03,25.14,68.58,96,100,2.89,CF,2020-09-06 00:12:20
193,Kahului,20.89,-156.47,91.4,41,1,29.97,US,2020-09-06 00:07:52
194,Maningrida,-12.07,134.27,81.0,50,97,12.53,AU,2020-09-06 00:12:20
195,Salalah,17.02,54.09,78.8,88,75,4.7,OM,2020-09-06 00:09:07
196,Cidreira,-30.18,-50.21,58.64,94,100,19.98,BR,2020-09-06 00:10:22
197,Severo-Kurilsk,50.68,156.12,54.32,79,100,4.47,RU,2020-09-06 00:09:10
198,Nkhotakota,-12.93,34.3,67.6,67,0,15.19,MW,2020-09-06 00:12:21
199,San Andres,12.58,-81.7,86.0,70,40,4.7,CO,2020-09-06 00:08:24
200,Dingle,11.0,122.67,82.18,79,88,3.31,PH,2020-09-06 00:09:50
201,Gigmoto,13.78,124.39,85.33,75,70,6.91,PH,2020-09-06 00:12:21
202,Muisne,0.6,-80.03,77.0,83,75,10.29,EC,2020-09-06 00:12:22
203,Drumnadrochit,57.33,-4.48,48.2,87,78,8.05,GB,2020-09-06 00:12:22
204,Saint George,37.1,-113.58,109.4,4,1,13.87,US,2020-09-06 00:09:34
205,Orlik,52.52,99.83,41.67,75,83,2.33,RU,2020-09-06 00:12:22
206,Ilulissat,69.22,-51.1,39.2,75,100,3.36,GL,2020-09-06 00:10:04
207,Baykit,61.67,96.37,46.83,85,100,4.72,RU,2020-09-06 00:10:14
208,Porto Novo,6.5,2.6,78.8,83,40,12.75,BJ,2020-09-06 00:12:22
209,Cherskiy,68.75,161.3,50.68,47,0,13.78,RU,2020-09-06 00:09:17
210,Ferrol,43.48,-8.24,64.4,77,90,11.41,ES,2020-09-06 00:12:23
211,Golden,39.76,-105.22,98.6,9,40,10.29,US,2020-09-06 00:10:01
212,Sarkikaraagac,38.08,31.37,55.81,82,0,4.05,TR,2020-09-06 00:12:23
213,Marsh Harbour,26.54,-77.06,83.8,73,81,12.59,BS,2020-09-06 00:12:23
214,Coquimbo,-29.95,-71.34,55.4,76,0,8.05,CL,2020-09-06 00:12:23
215,Biak,-0.91,122.88,80.2,73,97,7.49,ID,2020-09-06 00:09:05
216,Airai,-8.93,125.41,68.86,41,47,5.48,TL,2020-09-06 00:09:57
217,Port Hardy,50.7,-127.42,60.8,87,75,9.17,CA,2020-09-06 00:12:24
218,Pacific Grove,36.62,-121.92,90.0,53,1,3.36,US,2020-09-06 00:12:24
219,Iqaluit,63.75,-68.51,51.8,53,20,10.29,CA,2020-09-06 00:09:47
220,Tadine,-21.55,167.88,73.44,64,3,17.09,NC,2020-09-06 00:12:24
221,Tianpeng,30.99,103.94,73.99,100,20,4.47,CN,2020-09-06 00:12:25
222,Hovd,48.01,91.64,49.89,44,0,4.54,MN,2020-09-06 00:12:25
223,Sidrolandia,-20.93,-54.96,86.0,25,57,6.93,BR,2020-09-06 00:12:25
224,Plettenberg Bay,-34.05,23.37,57.02,83,95,6.82,ZA,2020-09-06 00:12:25
225,San Lawrenz,36.06,14.2,77.0,78,20,9.17,MT,2020-09-06 00:12:26
226,Katsuura,35.13,140.3,82.0,94,75,8.05,JP,2020-09-06 00:12:26
227,Komsomolskiy,40.43,71.72,68.0,42,0,6.93,UZ,2020-09-06 00:09:32
228,Ocos,14.51,-92.19,77.0,100,90,4.7,GT,2020-09-06 00:12:26
229,Portland,45.52,-122.68,77.0,43,20,3.36,US,2020-09-06 00:07:00
230,Tambopata,-12.73,-69.18,83.48,50,62,0.58,PE,2020-09-06 00:12:26
231,Konza,-1.74,37.13,60.8,93,75,5.82,KE,2020-09-06 00:12:27
232,Khobi,42.32,41.9,73.4,100,75,3.36,GE,2020-09-06 00:12:27
233,Filingue,14.35,3.32,80.37,70,97,8.86,NE,2020-09-06 00:12:27
234,Matara,5.95,80.54,77.23,89,94,5.99,LK,2020-09-06 00:11:13
235,Sitka,57.05,-135.33,57.2,71,75,6.93,US,2020-09-06 00:09:36
236,Puerto Ayora,-0.74,-90.35,66.99,93,81,5.01,EC,2020-09-06 00:09:14
237,Ambovombe,-25.17,46.08,63.45,76,23,16.26,MG,2020-09-06 00:12:28
238,Savannah Bight,16.45,-85.85,84.54,77,68,21.41,HN,2020-09-06 00:12:28
239,Moose Factory,51.26,-80.61,55.4,82,75,5.82,CA,2020-09-06 00:12:28
240,Souillac,-20.52,57.52,68.0,94,40,4.7,MU,2020-09-06 00:10:19
241,Malinovoye Ozero,51.68,79.78,44.29,64,92,1.59,RU,2020-09-06 00:12:28
242,Perm,58.02,56.29,41.0,100,0,4.47,RU,2020-09-06 00:12:29
243,Sirjan,29.45,55.68,62.17,29,0,3.62,IR,2020-09-06 00:12:29
244,Bengkulu,-3.8,102.27,74.79,88,97,4.5,ID,2020-09-06 00:12:29
245,Sibolga,1.74,98.78,77.22,69,81,4.97,ID,2020-09-06 00:12:29
246,Nanortalik,60.14,-45.24,47.64,94,100,9.66,GL,2020-09-06 00:09:49
247,Patacamaya,-17.23,-67.92,47.43,63,73,12.97,BO,2020-09-06 00:12:30
248,Obihiro,42.92,143.2,66.2,100,75,1.12,JP,2020-09-06 00:12:30
249,Teahupoo,-17.83,-149.27,84.2,66,40,18.34,PF,2020-09-06 00:12:30
250,Novo Aripuana,-5.12,-60.38,82.18,36,46,1.39,BR,2020-09-06 00:12:30
251,Blieskastel,49.24,7.26,55.4,82,20,4.7,DE,2020-09-06 00:12:30
252,Attur,11.6,78.62,76.8,86,83,1.43,IN,2020-09-06 00:12:31
253,San Jeronimo,-11.95,-75.28,54.43,59,81,5.08,PE,2020-09-06 00:12:31
254,Isla Vista,34.41,-119.86,102.99,48,1,4.7,US,2020-09-06 00:12:31
255,Nuuk,64.18,-51.72,46.4,93,100,25.28,GL,2020-09-06 00:12:31
256,Vanimo,-2.67,141.3,82.53,69,94,9.13,PG,2020-09-06 00:12:32
257,Ahipara,-35.17,173.17,59.07,67,100,13.04,NZ,2020-09-06 00:12:32
258,Ust-Kuyga,70.02,135.6,53.35,67,91,3.02,RU,2020-09-06 00:12:32
259,Geraldton,-28.77,114.6,57.2,93,75,6.93,AU,2020-09-06 00:05:02
260,Sao Joao Da Barra,-21.64,-41.05,72.86,87,0,15.32,BR,2020-09-06 00:09:16
261,Saint Pete Beach,27.73,-82.74,86.0,79,40,5.82,US,2020-09-06 00:12:32
262,Kungurtug,50.6,97.52,40.93,79,62,0.89,RU,2020-09-06 00:12:32
263,Nouadhibou,20.93,-17.03,84.2,62,20,24.16,MR,2020-09-06 00:12:33
264,Anori,-3.77,-61.64,85.35,46,87,1.68,BR,2020-09-06 00:12:33
265,Ayagoz,47.97,80.44,43.18,63,26,12.82,KZ,2020-09-06 00:12:33
266,Boguchany,58.38,97.45,42.19,90,33,3.91,RU,2020-09-06 00:12:33
267,Kouango,4.99,19.96,70.99,95,100,2.42,CF,2020-09-06 00:12:34
268,Kousseri,12.08,15.03,82.4,83,40,6.93,CM,2020-09-06 00:10:06
269,Broome,42.25,-75.83,66.0,48,75,8.05,US,2020-09-06 00:08:55
270,Mukhen,48.1,136.1,73.42,58,100,5.1,RU,2020-09-06 00:12:34
271,East London,-33.02,27.91,63.88,71,100,10.36,ZA,2020-09-06 00:09:41
272,Poum,-20.23,164.02,72.52,72,39,11.77,NC,2020-09-06 00:12:35
273,High Level,58.52,-117.14,57.2,62,75,10.29,CA,2020-09-06 00:12:35
274,Kukuna,9.4,-12.67,72.41,97,100,3.06,SL,2020-09-06 00:12:35
275,Opuwo,-18.06,13.84,64.15,36,2,7.54,NA,2020-09-06 00:12:35
276,Bardiyah,31.76,25.09,75.49,68,0,8.34,LY,2020-09-06 00:12:36
277,Yellowknife,62.46,-114.35,51.8,50,40,6.93,CA,2020-09-06 00:09:05
278,Inyonga,-6.72,32.07,62.33,50,0,5.77,TZ,2020-09-06 00:12:36
279,Escarcega,18.61,-90.75,76.35,96,99,2.21,MX,2020-09-06 00:12:36
280,Aklavik,68.22,-135.01,41.0,50,90,6.93,CA,2020-09-06 00:09:37
281,Mahanoro,-19.9,48.8,63.73,89,56,6.93,MG,2020-09-06 00:12:36
282,Camocim,-2.9,-40.84,77.81,71,42,16.51,BR,2020-09-06 00:12:37
283,Gazanjyk,39.24,55.52,76.24,22,3,9.89,TM,2020-09-06 00:12:37
284,Juneau,58.3,-134.42,57.2,67,20,8.05,US,2020-09-06 00:11:43
285,Sitia,35.2,26.1,75.99,57,0,20.0,GR,2020-09-06 00:12:37
286,Lagoa,39.05,-27.98,68.43,75,52,21.65,PT,2020-09-06 00:09:22
287,Singarayakonda,15.25,80.03,82.35,79,98,4.5,IN,2020-09-06 00:12:37
288,Bilma,18.69,12.92,93.96,20,22,7.94,NE,2020-09-06 00:12:38
289,Rondonopolis,-16.47,-54.64,83.08,21,43,5.57,BR,2020-09-06 00:12:38
290,Rio Gallegos,-51.62,-69.22,42.8,70,20,3.36,AR,2020-09-06 00:12:19
291,Bilibino,68.05,166.44,44.56,56,0,4.27,RU,2020-09-06 00:12:38
292,Moberly,39.42,-92.44,87.01,62,0,1.01,US,2020-09-06 00:11:24
293,Manakara,-22.13,48.02,63.88,87,48,6.44,MG,2020-09-06 00:12:39
294,Kavaratti,10.57,72.64,82.9,79,100,10.04,IN,2020-09-06 00:12:39
295,Ola,59.58,151.28,48.83,84,100,10.04,RU,2020-09-06 00:09:46
296,Romitan,39.93,64.38,62.6,29,42,11.41,UZ,2020-09-06 00:12:39
297,Tymovskoye,50.85,142.66,70.12,66,100,4.79,RU,2020-09-06 00:12:39
298,Lorengau,-2.02,147.27,82.35,76,100,5.75,PG,2020-09-06 00:09:50
299,Port Blair,11.67,92.75,82.58,78,100,4.9,IN,2020-09-06 00:12:40
300,Kokopo,-4.35,152.26,84.42,63,99,3.78,PG,2020-09-06 00:12:40
301,Kayes,14.0,-11.0,74.71,93,100,10.22,ML,2020-09-06 00:12:40
302,Umm Kaddadah,13.6,26.69,86.85,40,7,10.89,SD,2020-09-06 00:09:56
303,Longyearbyen,78.22,15.64,42.8,93,90,3.36,SJ,2020-09-06 00:12:40
304,San Cristobal,7.77,-72.22,87.8,58,40,11.41,VE,2020-09-06 00:09:48
305,Russell,32.35,-85.2,89.6,27,1,11.41,US,2020-09-06 00:12:41
306,Bulgan,48.81,103.53,52.83,90,61,5.1,MN,2020-09-06 00:12:41
307,Labuan,5.28,115.24,78.8,94,20,12.97,MY,2020-09-06 00:12:41
308,Bethlehem,-1.46,-48.5,78.8,88,40,12.75,BR,2020-09-06 00:10:48
309,Ipixuna,-1.76,-48.8,78.8,88,40,12.75,BR,2020-09-06 00:09:15
310,Xinzhi,36.5,111.7,76.96,32,41,1.74,CN,2020-09-06 00:12:42
311,Kabanjahe,3.1,98.49,63.16,93,100,3.15,ID,2020-09-06 00:12:42
312,Namatanai,-3.67,152.43,84.88,66,92,6.98,PG,2020-09-06 00:12:42
313,Uribia,11.71,-72.27,87.89,63,1,11.05,CO,2020-09-06 00:12:42
314,Marawi,8.0,124.29,78.01,84,98,4.0,PH,2020-09-06 00:09:11
315,Muros,42.78,-9.06,66.0,75,5,8.99,ES,2020-09-06 00:12:43
316,Fiche,9.8,38.73,46.22,98,22,1.77,ET,2020-09-06 00:12:43
317,Stromness,58.97,-3.3,48.2,81,72,11.41,GB,2020-09-06 00:12:43
318,Ust-Barguzin,53.45,108.98,54.93,85,100,10.6,RU,2020-09-06 00:12:43
319,Canakkale,40.08,26.83,66.2,55,0,6.93,TR,2020-09-06 00:12:44
320,Beringovskiy,63.05,179.32,48.7,81,100,8.79,RU,2020-09-06 00:09:55
321,Luau,-10.71,22.22,67.01,27,1,5.1,AO,2020-09-06 00:12:44
322,Esperance,-33.87,121.9,57.2,71,100,13.87,AU,2020-09-06 00:12:44
323,Wschowa,51.81,16.32,55.99,82,67,6.44,PL,2020-09-06 00:12:44
324,Slupsk,54.46,17.03,52.68,93,66,9.06,PL,2020-09-06 00:12:45
325,Collie,-33.37,116.15,63.0,85,100,13.51,AU,2020-09-06 00:10:29
326,Tarko-Sale,64.92,77.78,46.0,85,99,18.01,RU,2020-09-06 00:12:45
327,Bor,56.36,44.07,61.0,76,40,4.47,RU,2020-09-06 00:12:45
328,Ningxiang,37.34,111.21,67.82,46,31,1.99,CN,2020-09-06 00:12:46
329,Hervey Bay,-25.3,152.85,77.0,82,85,5.82,AU,2020-09-06 00:12:46
330,Hambantota,6.12,81.12,79.74,81,98,11.3,LK,2020-09-06 00:09:09
331,Bama,11.52,13.69,75.16,90,67,9.73,NG,2020-09-06 00:12:46
332,Ouesso,1.61,16.05,72.0,94,97,3.0,CG,2020-09-06 00:12:46
333,Monte Alegre,-2.01,-54.07,83.3,54,46,4.34,BR,2020-09-06 00:12:47
334,Zyryanka,65.75,150.85,58.42,47,75,9.57,RU,2020-09-06 00:09:05
335,Shiraz,29.6,52.54,68.0,49,0,2.89,IR,2020-09-06 00:12:47
336,Yarim,14.3,44.38,57.76,48,52,6.31,YE,2020-09-06 00:12:47
337,Port Lincoln,-34.73,135.87,60.35,61,100,13.53,AU,2020-09-06 00:09:13
338,Bathsheba,13.22,-59.52,82.4,78,40,10.29,BB,2020-09-06 00:09:18
339,Kununurra,-15.77,128.73,80.6,65,40,3.36,AU,2020-09-06 00:12:48
340,Touros,-5.2,-35.46,75.2,73,75,8.05,BR,2020-09-06 00:09:01
341,Januaria,-15.48,-44.37,72.97,42,92,5.53,BR,2020-09-06 00:12:49
342,Kuloy,61.03,42.49,54.99,89,63,6.89,RU,2020-09-06 00:12:49
343,Langsa,4.47,97.97,73.92,97,100,3.76,ID,2020-09-06 00:10:45
344,Valera,9.32,-70.6,75.88,75,98,3.83,VE,2020-09-06 00:12:50
345,Igbo Ora,7.43,3.28,71.11,97,99,4.32,NG,2020-09-06 00:12:50
346,Kaniama,-7.57,24.18,70.52,34,8,3.31,CD,2020-09-06 00:12:50
347,Gizo,-8.1,156.84,84.43,69,80,5.57,SB,2020-09-06 00:12:51
348,Mana,5.66,-53.78,78.24,86,59,8.16,GF,2020-09-06 00:12:51
349,Lata,40.16,-8.33,72.0,75,0,3.49,PT,2020-09-06 00:10:31
350,Neftekumsk,44.67,44.92,65.93,70,90,8.39,RU,2020-09-06 00:12:51
351,Bannu,32.99,70.6,86.11,55,0,1.88,PK,2020-09-06 00:12:51
352,Lakes Entrance,-37.88,147.98,59.0,68,0,1.01,AU,2020-09-06 00:12:52
353,Vostok,46.49,135.88,67.42,62,100,2.57,RU,2020-09-06 00:09:18
354,Ancud,-41.87,-73.82,46.99,88,55,3.6,CL,2020-09-06 00:09:25
355,Dalbandin,28.89,64.41,76.33,17,0,4.38,PK,2020-09-06 00:12:52
356,Guaruja,-23.99,-46.26,72.0,73,98,3.0,BR,2020-09-06 00:12:52
357,Fernie,49.5,-115.07,89.6,16,40,3.36,CA,2020-09-06 00:12:52
358,Belaya Gora,68.53,146.42,52.07,45,100,8.57,RU,2020-09-06 00:12:53
359,Twentynine Palms,34.14,-116.05,111.2,7,1,10.29,US,2020-09-06 00:12:53
360,Port Macquarie,-31.43,152.92,64.99,80,71,1.01,AU,2020-09-06 00:11:42
361,Ishigaki,24.34,124.16,80.6,88,75,12.75,JP,2020-09-06 00:12:53
362,Saldanha,-33.01,17.94,51.8,87,25,3.36,ZA,2020-09-06 00:10:32
363,Todos Santos,23.45,-110.22,81.0,84,89,1.99,MX,2020-09-06 00:12:53
364,Rameswaram,9.28,79.3,82.76,82,88,23.11,IN,2020-09-06 00:12:54
365,Aswan,24.09,32.91,94.24,25,64,7.72,EG,2020-09-06 00:12:54
366,Margate,51.38,1.39,61.0,72,8,3.0,GB,2020-09-06 00:10:17
367,Rochefort,45.92,-1.0,59.0,67,0,9.17,FR,2020-09-06 00:12:54
368,Teguldet,57.31,88.17,44.08,95,85,8.23,RU,2020-09-06 00:12:54
369,Makokou,0.57,12.86,68.86,96,81,3.69,GA,2020-09-06 00:12:55
370,Ulladulla,-35.35,150.47,57.99,71,90,6.93,AU,2020-09-06 00:12:55
371,San Vicente,-26.62,-54.13,70.65,60,40,2.75,AR,2020-09-06 00:12:55
372,Mamu Kanjan,30.83,72.8,83.19,65,0,1.9,PK,2020-09-06 00:12:55
373,Aykhal,66.0,111.5,42.8,87,75,6.71,RU,2020-09-06 00:12:56
374,La Fleche,47.7,-0.08,57.2,76,5,3.36,FR,2020-09-06 00:12:56
375,El Dorado,33.21,-92.67,80.6,74,1,5.82,US,2020-09-06 00:12:09
376,Faya,18.39,42.45,68.0,34,6,2.8,SA,2020-09-06 00:10:07
377,Anshun,26.25,105.93,66.56,96,100,6.82,CN,2020-09-06 00:12:56
378,Yar-Sale,66.83,70.83,36.93,84,0,8.12,RU,2020-09-06 00:09:19
379,Imbituba,-28.24,-48.67,62.6,100,90,4.7,BR,2020-09-06 00:12:57
380,Panalingaan,8.78,117.42,83.53,75,61,1.25,PH,2020-09-06 00:12:57
381,Mahuta,-10.87,39.45,62.42,99,24,2.82,TZ,2020-09-06 00:12:57
382,Oranjestad,12.52,-70.03,86.0,79,20,14.99,AW,2020-09-06 00:11:30
383,Lagos,6.58,3.75,74.91,87,100,5.88,NG,2020-09-06 00:12:58
384,Xiaoshi,41.3,124.12,71.6,78,19,4.47,CN,2020-09-06 00:12:58
385,Invermere,50.52,-116.04,82.99,27,0,5.01,CA,2020-09-06 00:12:58
386,Kruisfontein,-34.0,24.73,55.99,94,98,1.01,ZA,2020-09-06 00:08:44
387,Krasnoselkup,65.7,82.47,48.63,85,97,16.62,RU,2020-09-06 00:12:58
388,Grimshaw,56.18,-117.6,59.0,67,75,9.17,CA,2020-09-06 00:12:58
389,Qaqortoq,60.72,-46.03,46.4,87,100,4.7,GL,2020-09-06 00:12:59
390,Ribeira Grande,38.52,-28.7,70.09,74,31,22.03,PT,2020-09-06 00:10:11
391,Mlonggo,-6.53,110.7,77.0,83,20,2.24,ID,2020-09-06 00:12:59
392,Mackay,-21.15,149.2,75.99,83,90,12.75,AU,2020-09-06 00:12:59
393,Otukpo,7.19,8.13,71.24,99,100,5.99,NG,2020-09-06 00:12:59
394,Pacifica,37.61,-122.49,93.2,28,1,12.75,US,2020-09-06 00:13:00
395,Zhigansk,66.77,123.37,48.79,81,91,15.37,RU,2020-09-06 00:09:51
396,Noumea,-22.28,166.46,73.99,73,90,2.24,NC,2020-09-06 00:10:07
397,Green Valley,31.85,-110.99,107.6,8,1,6.93,US,2020-09-06 00:13:00
398,Bafoulabe,13.81,-10.83,75.2,92,99,7.49,ML,2020-09-06 00:13:00
399,Fuxin,42.02,121.66,70.77,75,1,5.39,CN,2020-09-06 00:10:14
400,Guilin,25.28,110.29,73.4,100,75,2.24,CN,2020-09-06 00:13:01
401,Paamiut,61.99,-49.67,46.98,90,75,22.7,GL,2020-09-06 00:10:20
402,Verkhoyansk,67.54,133.38,54.66,63,44,1.88,RU,2020-09-06 00:13:01
403,Ballina,-28.87,153.57,64.4,88,90,8.05,AU,2020-09-06 00:13:01
404,Udachnyy,66.42,112.4,42.8,87,75,6.71,RU,2020-09-06 00:13:02
405,Fonte Boa,-2.5,-66.27,75.83,88,37,1.83,BR,2020-09-06 00:13:02
406,Yangjiang,21.85,111.97,81.99,84,17,3.29,CN,2020-09-06 00:13:02
407,Acapulco,16.86,-99.89,84.2,74,90,3.36,MX,2020-09-06 00:05:27
408,Kieta,-6.22,155.63,85.91,61,100,3.65,PG,2020-09-06 00:09:41
409,Tanah Merah,5.8,102.15,77.0,88,20,4.7,MY,2020-09-06 00:13:02
410,Leningradskiy,69.38,178.42,41.4,70,25,9.57,RU,2020-09-06 00:09:15
411,Bengbu,32.94,117.36,74.88,70,82,4.07,CN,2020-09-06 00:13:03
412,Guantanamo,20.14,-75.21,78.8,88,75,10.29,CU,2020-09-06 00:09:47
413,Am Timan,11.03,20.28,72.1,91,100,4.29,TD,2020-09-06 00:13:03
414,Penzance,50.12,-5.54,55.99,87,38,10.29,GB,2020-09-06 00:13:03
415,Vakhrushev,48.98,142.97,65.7,68,74,5.06,RU,2020-09-06 00:13:04
416,Panzhihua,26.59,101.71,64.99,88,82,1.07,CN,2020-09-06 00:13:04
417,Okitipupa,6.5,4.78,73.0,96,100,2.59,NG,2020-09-06 00:13:04
418,Makinsk,52.63,70.42,38.25,89,45,5.93,KZ,2020-09-06 00:13:05
419,Ndjole,-0.18,10.76,72.48,86,95,5.44,GA,2020-09-06 00:13:05
420,Vadso,70.07,29.75,51.8,100,87,18.34,NO,2020-09-06 00:13:05
421,Toowoomba,-27.55,151.97,68.0,72,75,13.87,AU,2020-09-06 00:13:05
422,Arkhara,49.42,130.08,65.93,84,6,11.59,RU,2020-09-06 00:13:05
423,Mananjary,-21.22,48.33,63.84,88,83,6.08,MG,2020-09-06 00:13:06
424,Bambous Virieux,-20.34,57.76,68.0,88,40,2.24,MU,2020-09-06 00:13:06
425,Kysyl-Syr,63.9,122.76,49.87,82,4,6.78,RU,2020-09-06 00:10:14
426,Puerto Del Rosario,28.5,-13.86,73.4,88,75,6.93,ES,2020-09-06 00:13:06
427,Chapais,49.78,-74.85,50.0,87,75,3.36,CA,2020-09-06 00:09:14
428,Vao,-22.67,167.48,70.05,72,17,18.68,NC,2020-09-06 00:09:07
429,Yeppoon,-23.13,150.73,73.4,69,40,8.05,AU,2020-09-06 00:08:39
430,Zhanakorgan,43.91,67.25,58.57,35,0,15.39,KZ,2020-09-06 00:13:07
431,Numan,9.47,12.03,76.05,86,83,7.52,NG,2020-09-06 00:13:07
432,Somerset,40.57,-74.55,72.0,64,1,6.04,US,2020-09-06 00:13:07
433,Muhos,64.81,25.99,50.0,93,16,8.05,FI,2020-09-06 00:13:07
434,Santa Cruz,-17.8,-63.17,82.4,65,37,6.93,BO,2020-09-06 00:11:15
435,Nhamunda,-2.19,-56.71,82.45,42,92,2.46,BR,2020-09-06 00:13:08
436,Shimoda,34.67,138.95,78.8,88,40,9.17,JP,2020-09-06 00:13:08
437,Gat,31.61,34.76,81.0,47,0,1.74,IL,2020-09-06 00:13:08
438,Praia Da Vitoria,38.73,-27.07,69.01,82,40,19.35,PT,2020-09-06 00:09:13
439,Petatlan,17.52,-101.27,80.98,86,98,6.22,MX,2020-09-06 00:13:08
440,Vyartsilya,62.18,30.69,55.13,96,95,6.89,RU,2020-09-06 00:13:08
441,Kindu,-2.95,25.95,72.7,60,0,1.57,CD,2020-09-06 00:13:09
442,Malakal,9.53,31.66,72.0,91,63,2.55,SS,2020-09-06 00:13:09
443,Hualmay,-11.1,-77.61,60.53,82,16,8.32,PE,2020-09-06 00:09:22
444,Bowen,-20.02,148.23,73.4,73,90,6.93,AU,2020-09-06 00:13:09
445,Vila Franca Do Campo,37.72,-25.43,69.8,68,40,17.22,PT,2020-09-06 00:13:09
446,Havoysund,71.0,24.66,50.0,100,94,3.36,NO,2020-09-06 00:13:10
447,Verkhniy Tagil,57.37,59.96,43.59,93,13,3.89,RU,2020-09-06 00:13:10
448,Saint-Francois,46.42,3.91,60.8,77,12,3.36,FR,2020-09-06 00:13:10
449,Dukat,62.55,155.55,46.06,75,78,9.31,RU,2020-09-06 00:13:11
450,Bodden Town,19.28,-81.25,86.0,89,20,11.41,KY,2020-09-06 00:09:20
451,North Bend,43.41,-124.22,78.01,60,1,19.46,US,2020-09-06 00:13:11
452,Rosetown,51.55,-108.0,84.0,20,55,8.01,CA,2020-09-06 00:13:11
453,Haimen,23.19,116.61,78.8,88,75,2.24,CN,2020-09-06 00:13:11
454,Polson,47.69,-114.16,90.0,20,66,8.99,US,2020-09-06 00:13:12
455,Guiratinga,-16.35,-53.76,79.21,24,46,6.58,BR,2020-09-06 00:13:12
456,Andenes,69.31,16.12,51.8,100,97,6.93,NO,2020-09-06 00:13:12
457,Manaus,-3.1,-60.02,87.8,48,46,4.7,BR,2020-09-06 00:13:12
458,Thinadhoo,0.53,72.93,80.47,76,100,25.3,MV,2020-09-06 00:13:12
459,Masvingo,-20.06,30.83,49.8,92,0,4.85,ZW,2020-09-06 00:13:13
460,Karaton,-6.34,106.1,79.0,88,20,2.24,ID,2020-09-06 00:13:13
461,Pisco,-13.7,-76.22,62.6,72,5,14.99,PE,2020-09-06 00:09:43
462,Yinchuan,38.47,106.27,71.91,35,3,5.28,CN,2020-09-06 00:13:13
463,Muroto,33.28,134.15,78.8,88,40,6.93,JP,2020-09-06 00:09:38
464,Radovitskiy,55.13,39.8,58.8,62,83,4.74,RU,2020-09-06 00:13:13
465,Coihaique,-45.58,-72.07,46.4,65,75,3.36,CL,2020-09-06 00:10:21
466,Iskateley,67.68,53.15,53.28,91,87,10.36,RU,2020-09-06 00:13:14
467,Sistranda,63.73,8.83,50.0,87,75,6.93,NO,2020-09-06 00:13:14
468,Kaka,37.35,59.61,69.12,26,21,4.25,TM,2020-09-06 00:13:14
469,Harper,4.38,-7.72,75.78,85,100,10.85,LR,2020-09-06 00:13:14
470,Namtsy,62.72,129.67,53.6,76,40,4.47,RU,2020-09-06 00:13:15
471,Ulkan,57.24,107.32,54.66,77,98,9.44,RU,2020-09-06 00:13:15
472,Yulara,-25.24,130.99,66.2,17,0,12.75,AU,2020-09-06 00:13:15
473,Kjollefjord,70.95,27.35,53.71,89,89,4.05,NO,2020-09-06 00:13:15
474,Necochea,-38.55,-58.74,43.0,80,87,3.0,AR,2020-09-06 00:13:15
475,Roseau,15.3,-61.39,77.0,94,75,2.24,DM,2020-09-06 00:13:16
476,Usinsk,65.99,57.53,52.92,92,100,12.21,RU,2020-09-06 00:09:03
477,Constantine,36.37,6.61,69.39,76,0,2.55,DZ,2020-09-06 00:11:15
478,Santa Isabel Do Rio Negro,-0.41,-65.02,78.66,75,79,1.66,BR,2020-09-06 00:08:20
479,Nobeoka,32.58,131.67,77.0,98,89,3.0,JP,2020-09-06 00:13:16
480,Upata,8.01,-62.4,73.54,92,10,3.29,VE,2020-09-06 00:13:17
481,Mabaruma,8.2,-59.78,76.08,91,0,3.38,GY,2020-09-06 00:13:17
482,Saint-Augustin,51.23,-58.65,57.47,61,0,14.32,CA,2020-09-06 00:13:17
483,Kautokeino,69.01,23.04,47.84,93,74,6.71,NO,2020-09-06 00:13:17
484,Pindiga,9.98,10.93,72.27,89,85,11.01,NG,2020-09-06 00:13:17
485,Tevaitoa,-16.78,-151.5,79.18,72,19,9.78,PF,2020-09-06 00:13:18
486,Topchikha,52.82,83.12,44.6,87,18,6.71,RU,2020-09-06 00:13:18
487,Port Hedland,-20.32,118.57,69.8,46,88,4.09,AU,2020-09-06 00:13:18
488,Amga,60.9,131.96,53.19,84,98,3.22,RU,2020-09-06 00:13:18
489,Jega,12.22,4.38,74.43,88,100,12.93,NG,2020-09-06 00:13:19
490,Almansa,38.87,-1.1,62.01,86,0,2.39,ES,2020-09-06 00:13:19
491,Tahe,52.33,124.73,55.53,95,100,4.61,CN,2020-09-06 00:13:19
492,Araguaina,-7.19,-48.21,83.12,30,3,2.55,BR,2020-09-06 00:13:19
493,Lom Sak,16.78,101.24,75.2,100,20,1.12,TH,2020-09-06 00:13:19
494,Buraydah,26.33,43.98,82.4,30,1,5.82,SA,2020-09-06 00:09:36
495,Talaya,61.38,152.75,52.77,66,94,9.62,RU,2020-09-06 00:13:20
496,Arklow,52.79,-6.14,53.01,92,80,9.46,IE,2020-09-06 00:13:20
497,Atar,20.52,-13.05,86.56,48,70,6.67,MR,2020-09-06 00:10:34
498,Kharp,66.8,65.81,39.65,74,0,1.39,RU,2020-09-06 00:13:20
499,Tallahassee,30.44,-84.28,95.0,39,40,6.93,US,2020-09-06 00:10:04
500,Radford,37.13,-80.58,71.6,56,1,2.93,US,2020-09-06 00:13:21
501,Burgersdorp,-31.0,26.33,50.14,65,76,10.65,ZA,2020-09-06 00:13:21
502,Praya,14.92,-23.51,77.0,88,75,6.93,CV,2020-09-06 00:13:21
503,Nome,64.5,-165.41,50.0,61,40,9.17,US,2020-09-06 00:09:14
504,Takoradi,4.88,-1.76,74.79,87,99,10.4,GH,2020-09-06 00:13:21
505,Chicama,-7.84,-79.15,60.98,81,23,6.2,PE,2020-09-06 00:13:21
506,Tottori,35.5,134.23,77.0,88,40,5.82,JP,2020-09-06 00:13:22
507,Meulaboh,4.14,96.13,74.01,96,100,4.23,ID,2020-09-06 00:13:22
508,Pirapora Do Bom Jesus,-23.4,-47.0,78.01,77,88,5.82,BR,2020-09-06 00:13:22
509,Porbandar,21.64,69.61,81.43,82,100,7.67,IN,2020-09-06 00:13:22
510,Susuman,62.78,148.17,49.44,73,88,8.72,RU,2020-09-06 00:13:22
511,Tilichiki,60.47,166.1,47.43,61,0,4.81,RU,2020-09-06 00:13:23
512,Awjilah,29.11,21.29,75.76,53,0,12.37,LY,2020-09-06 00:13:23
513,Puerto Carreno,6.19,-67.49,84.2,74,93,2.24,CO,2020-09-06 00:13:23
514,Itajuba,-22.43,-45.45,65.77,50,3,3.24,BR,2020-09-06 00:13:23
515,San Quintin,30.48,-115.95,86.77,40,0,8.52,MX,2020-09-06 00:09:26
516,Baie-Comeau,49.22,-68.15,53.6,76,40,8.05,CA,2020-09-06 00:13:24
517,Svetlaya,46.54,138.33,66.72,74,100,1.66,RU,2020-09-06 00:12:06
518,Havelock,34.88,-76.9,80.01,63,11,7.9,US,2020-09-06 00:13:25
519,Bambari,5.77,20.68,69.89,95,100,2.98,CF,2020-09-06 00:13:25
520,Lakatoro,-16.1,167.42,80.6,69,75,5.82,VU,2020-09-06 00:13:26
521,Kurumkan,54.3,110.3,59.43,68,100,3.36,RU,2020-09-06 00:13:26
522,Huarmey,-10.07,-78.15,61.36,82,24,7.16,PE,2020-09-06 00:13:26
523,Bykov,47.32,142.55,71.6,73,97,2.24,RU,2020-09-06 00:13:26
524,Cap-Aux-Meules,47.38,-61.86,60.8,67,5,6.93,CA,2020-09-06 00:13:26
525,Roebourne,-20.78,117.13,75.58,40,60,1.28,AU,2020-09-06 00:13:27
526,Colac,-38.33,143.58,51.01,80,2,1.01,AU,2020-09-06 00:13:27
527,Alta Floresta,-9.88,-56.09,81.19,25,15,2.24,BR,2020-09-06 00:10:13
528,Puerto Escondido,15.85,-97.07,84.2,62,90,5.82,MX,2020-09-06 00:13:27
529,Kiunga,-6.12,141.29,77.13,90,100,4.03,PG,2020-09-06 00:13:27
530,Great Yarmouth,52.61,1.73,51.01,99,12,10.31,GB,2020-09-06 00:13:28
531,Aripuana,-9.17,-60.63,84.63,31,19,1.63,BR,2020-09-06 00:13:28
532,Bambamarca,-6.68,-78.53,56.34,79,32,3.83,PE,2020-09-06 00:13:28
533,La Ronge,55.1,-105.28,57.2,87,90,2.24,CA,2020-09-06 00:07:40
534,Tutoia,-2.76,-42.27,79.21,75,29,13.33,BR,2020-09-06 00:13:28
535,Guasdualito,7.24,-70.73,76.12,90,79,1.86,VE,2020-09-06 00:13:29
536,Luanda,-8.84,13.23,69.8,88,75,4.7,AO,2020-09-06 00:12:42
537,Pirgos,35.12,25.72,75.99,57,0,20.0,GR,2020-09-06 00:13:29
538,Sobolevo,54.43,31.9,57.13,95,86,6.6,RU,2020-09-06 00:13:29
539,Pathein,16.78,94.73,79.68,89,93,1.99,MM,2020-09-06 00:13:29
540,Zhuanghe,39.7,122.99,73.99,97,22,1.01,CN,2020-09-06 00:13:30
541,Tessalit,20.2,1.01,90.12,38,59,8.79,ML,2020-09-06 00:05:06
542,Kyshtovka,56.55,76.63,43.23,94,100,8.84,RU,2020-09-06 00:13:30
543,Pevek,69.7,170.31,41.83,67,0,13.44,RU,2020-09-06 00:10:12
544,Kupang,-10.17,123.58,82.4,54,20,16.11,ID,2020-09-06 00:13:30
545,San-Pedro,4.75,-6.64,75.06,87,88,8.9,CI,2020-09-06 00:13:30
546,Qiryat Shemona,33.21,35.57,80.6,78,0,2.24,IL,2020-09-06 00:13:31
547,Tunoshna,57.55,40.13,59.0,72,93,4.47,RU,2020-09-06 00:13:31
548,Tuy Hoa,13.08,109.3,80.71,78,54,7.29,VN,2020-09-06 00:13:31
549,Urengoy,65.97,78.37,45.05,72,99,15.08,RU,2020-09-06 00:13:31
550,Anderson,34.53,-82.65,80.6,44,1,5.82,US,2020-09-06 00:10:18
551,Ravar,31.27,56.81,63.61,25,0,1.61,IR,2020-09-06 00:13:32
552,Upernavik,72.79,-56.15,33.66,83,34,13.27,GL,2020-09-06 00:09:02
553,Farafangana,-22.82,47.83,64.56,83,36,10.04,MG,2020-09-06 00:09:42
554,Pangody,65.85,74.49,39.87,83,85,14.45,RU,2020-09-06 00:09:22
555,Moranbah,-22.0,148.05,73.2,59,44,13.31,AU,2020-09-06 00:13:32
556,Novobirilyussy,56.95,90.67,40.23,89,0,7.02,RU,2020-09-06 00:13:32
557,Spearfish,44.49,-103.86,89.01,35,1,5.82,US,2020-09-06 00:13:33
